name,x,y,start_time,end_time,service_time,revenue
task_0,20,9,0,240,30,50
task_1,8,1,240,480,30,50
task_2,14,12,480,720,30,50
task_3,23,28,0,240,30,50
task_4,3,21,240,480,30,50
task_5,18,25,480,720,30,50
task_6,9,7,0,240,30,50
task_7,14,0,240,480,30,50
task_8,14,4,480,720,30,50
task_9,1,4,0,240,30,50
task_10,24,13,240,480,30,50
task_11,21,19,480,720,30,50
task_12,23,14,0,240,30,50
task_13,12,28,240,480,30,50
task_14,14,22,480,720,30,50
task_15,9,24,0,240,30,50
task_16,19,24,240,480,30,50
task_17,20,27,480,720,30,50
task_18,22,27,0,240,30,50
task_19,29,20,240,480,30,50
task_20,24,20,480,720,30,50
task_21,0,29,0,240,30,50
task_22,1,2,240,480,30,50
task_23,28,6,480,720,30,50
task_24,5,22,0,240,30,50
task_25,18,22,240,480,30,50
task_26,15,13,480,720,30,50
task_27,13,11,0,240,30,50
task_28,8,9,240,480,30,50
task_29,19,8,480,720,30,50
task_30,10,7,0,240,30,50
task_31,9,7,240,480,30,50
task_32,22,25,480,720,30,50
task_33,25,7,0,240,30,50
task_34,2,13,240,480,30,50
